ID,Question,Answer
Q1,"This the current status of a computer network during a penetration testing procedure: 
``` 
Known networks are 1.1.1.0/24 
Known hosts are 2.2.2.3 
Controlled hosts are 2.2.2.2 and 1.1.1.2 
Known data for source host 1.1.1.2: are (User1, WebData) 
Known services for host 1.1.1.1 are openssh
 ``` 
List the IP addresses of all the contacted hosts:","2.2.2.3
2.2.2.2
1.1.1.2
1.1.1.1
"
Q2,"This the current status of a computer network during a penetration testing procedure: 
``` 
Known networks are 1.1.1.0/24  
Known hosts are 2.2.2.3 
Controlled hosts are 2.2.2.2 and 1.1.1.2 
Known data for source host 1.1.1.2: are (User1, WebData) 
Known services for host 1.1.1.1 are openssh
 ``` 
How many hosts have be contacted?",4
Q3,"This is the current status of a computer network during a penetration testing procedure: 
``` 
Known networks are 1.1.1.0/24 and 2.2.2.0/24
Known hosts are 2.2.2.3 
Controlled hosts are 2.2.2.2 and 1.1.1.2 
Known data for source host 1.1.1.2: are (User1, WebData) 
Known services for host 1.1.1.1 are openssh
 ``` 
What is the address of the network shown in the current status?",1.1.1.0/24
Q4,"This is the current status of a computer network during a penetration testing procedure: 
``` 
Known networks are 1.1.1.0/24 
Known hosts are 2.2.2.3 
Controlled hosts are 2.2.2.2 and 1.1.1.2 
Known data for source host 1.1.1.2: are (User1, WebData) 
Known services for host 1.1.1.1 are openssh
 ``` 
Do we know the network address of the IP 2.2.2.3?","No, since the network 2.2.2.0/24 is unknown. The provided network address (1.1.1.0/24) belongs to a different class and cannot be used to determine information about the network where 2.2.2.3 resides. Without additional context or information, it's not possible to determine if we know the network address of this IP."
Q5,"This is the current status of a computer network during a penetration testing procedure: 
``` 
Known networks are 1.1.1.0/24 
Known hosts are 2.2.2.3 
Controlled hosts are 2.2.2.2 and 1.1.1.2 
Known data for source host 1.1.1.2: are (User1, WebData) 
Known services for host 1.1.1.1 are openssh
 ``` 
Is the secure Shell service available at host 2.2.2.3?",No
Q6,"This the current status of a computer network during a penetration testing procedure: 
``` 
Known networks are 1.1.1.0/24 and 2.2.2.0/24 
Known hosts are 2.2.2.3 
Controlled hosts are 2.2.2.2 and 1.1.1.2 
Known data for source host 1.1.1.2: are (User1, WebData) 
Known services for host 1.1.1.1 are openssh
Know services for host 1.1.1.2 are openssh and http
 ``` 
What are the network shown in current status?
", 1.1.1.0/24 and 2.2.2.0/24
Q7,"This is the current status of a computer network during a penetration testing procedure: 
``` 
Known networks are 1.1.1.0/24 and 2.2.2.0/24 
Known hosts are 2.2.2.3 
Controlled hosts are 2.2.2.2 and 1.1.1.2 
Known data for source host 1.1.1.2: are (User1, WebData) 
Known services for host 1.1.1.1 are openssh
Know services for host 1.1.1.2 are openssh and http
 ``` 
What are the hosts running Secure Shell?
",1.1.1.2 and 1.1.1.2
Q8,"This the current status of a computer network during a penetration testing procedure: 
``` 
Known networks are 1.1.1.0/24 and 2.2.2.0/24 
Known hosts are 2.2.2.3 
Controlled hosts are 2.2.2.2 and 1.1.1.2 
Known data for source host 1.1.1.2: are (User1, WebData) 
Known services for host 1.1.1.1 are openssh
 ``` 
What is the address of the network where secure shell is available?",1.1.1.0/24
Q9,"This the current status of a computer network during a penetration testing procedure: 
``` 
Known networks are 1.1.1.0/24 and 2.2.2.0/24 
Known hosts are 2.2.2.3 
Controlled hosts are 2.2.2.2 and 1.1.1.2 
Known data for source host 1.1.1.2: are (User1, WebData) 
Known services for host 1.1.1.1 are openssh
Know services for host 1.1.1.2 are openssh and http
Know services for host 2.2.2.3 are http and ldap
Know services for host 2.2.2.4 are openssh and http and ldap

 ``` 
What is the service that is most observed in the scanned networks?
",http
Q10,"This is the current status of a computer network during a penetration testing procedure: 
``` 
Known networks are 1.1.1.0/24 and 2.2.2.0/24 
Known hosts are 2.2.2.3 
Controlled hosts are 2.2.2.2 and 1.1.1.2 
Known data for source host 1.1.1.2: are (User1, WebData) 
Known services for host 1.1.1.1 are openssh
Know services for host 1.1.1.2 are openssh and http
Know services for host 2.2.2.3 are http and ldap
Know services for host 2.2.2.4 are openssh and http and ldap and telnet

 ``` 
What are the  most vulnerable host?","
The host 2.2.2.4 appears to have telnet among its known services and therefore may be a higher priority for penetration testing and remediation efforts. However, the actual vulnerability can only be determined by thoroughly evaluating each service and their associated configuration and access control settings."
Q11,"This is the current status of a computer network during a penetration testing procedure: 
``` 
Known networks are 1.1.1.0/24 and 2.2.2.0/24 
Known hosts are 2.2.2.3 
Controlled hosts are 2.2.2.2 and 1.1.1.2 
Known data for source host 1.1.1.2: are (User1, WebData) 
Known services for host 1.1.1.1 are openssh
Know services for host 1.1.1.2 are openssh and http and pop3
Know services for host 2.2.2.3 are http and ldap and imap
Know services for host 2.2.2.4 are openssh and http and ldap and smtp
``` 
If I want to setup an SPAM campaign what is the most recommended host to vulnerate?
",2.2.2.4